<?xml version="1.0" encoding="UTF-8"?>
<recordTypeHaul xmlns:a="http://www.appian.com/ae/types/2009" xmlns:xsi="http://www.w3.org/2001/XMLSchema-instance">
  <versionUuid>0bd11b47-d334-4559-952b-fde29f1418d9</versionUuid>
  <recordType a:uuid="4894227f-e961-4a15-a05e-3e64381c3f8c" name="CFT producto">
    <a:pluralName>producto</a:pluralName>
    <a:description/>
    <a:urlStub>VBM46A</a:urlStub>
    <a:source xsi:type="a:RecordsReplica"/>
    <a:listViewTemplateExpr>#"SYSTEM_SYSRULES_recordGridField"(
  columns: {
    #"SYSTEM_SYSRULES_gridColumn"(
      label: "Id",
      sortField: #"urn:appian:record-field:v1:4894227f-e961-4a15-a05e-3e64381c3f8c/b9c2636f-8591-4eff-979a-67d0a77206c2",
      value: #"SYSTEM_SYSRULES_richTextDisplayField"(
        value: {
          #"SYSTEM_SYSRULES_richTextItem_v1"(
            text: if(
              fv!row[#"urn:appian:record-field:v1:4894227f-e961-4a15-a05e-3e64381c3f8c/b9c2636f-8591-4eff-979a-67d0a77206c2"] &lt; 100000,
              text(
                fv!row[#"urn:appian:record-field:v1:4894227f-e961-4a15-a05e-3e64381c3f8c/b9c2636f-8591-4eff-979a-67d0a77206c2"],
                "#00000"
              ),
              fv!row[#"urn:appian:record-field:v1:4894227f-e961-4a15-a05e-3e64381c3f8c/b9c2636f-8591-4eff-979a-67d0a77206c2"]
            ),
            link: #"SYSTEM_SYSRULES_recordLink"(
              recordType: #"urn:appian:record-type:v1:4894227f-e961-4a15-a05e-3e64381c3f8c",
              identifier: fv!identifier
            ),
            linkStyle: "STANDALONE"
          )
        }
      )
    ),
    #"SYSTEM_SYSRULES_gridColumn"(
      label: "Precio",
      sortField: #"urn:appian:record-field:v1:4894227f-e961-4a15-a05e-3e64381c3f8c/88094cdd-81d4-4453-b39e-2cfd37117e06",
      value: if(
        isnull(fv!row[#"urn:appian:record-field:v1:4894227f-e961-4a15-a05e-3e64381c3f8c/88094cdd-81d4-4453-b39e-2cfd37117e06"]),
        "–",
        fixed(fv!row[#"urn:appian:record-field:v1:4894227f-e961-4a15-a05e-3e64381c3f8c/88094cdd-81d4-4453-b39e-2cfd37117e06"], 2)
      ),
      align: "END"
    ),
    #"SYSTEM_SYSRULES_gridColumn"(
      label: "Created",
      sortField: #"urn:appian:record-field:v1:4894227f-e961-4a15-a05e-3e64381c3f8c/daec2dcd-56b4-4c80-a57d-efbf67043e2f",
      value: #"SYSTEM_SYSRULES_richTextDisplayField"(
        value: a!localVariables(
          local!isUserValueBlank: isnull(fv!row[#"urn:appian:record-field:v1:4894227f-e961-4a15-a05e-3e64381c3f8c/ca59b74e-4cb7-4a3b-b63e-7252beb3eac0"]),
          local!isTimeValueBlank: isnull(fv!row[#"urn:appian:record-field:v1:4894227f-e961-4a15-a05e-3e64381c3f8c/daec2dcd-56b4-4c80-a57d-efbf67043e2f"]),
          if(
            and(
              local!isUserValueBlank,
              local!isTimeValueBlank
            ),
            "–",
            {
              if(
                local!isTimeValueBlank,
                "–",
                datetext(fv!row[#"urn:appian:record-field:v1:4894227f-e961-4a15-a05e-3e64381c3f8c/daec2dcd-56b4-4c80-a57d-efbf67043e2f"], "default")
              ),
              char(10),
              #"SYSTEM_SYSRULES_richTextItem_v1"(
                text: if(
                  local!isUserValueBlank,
                  "–",
                  user(fv!row[#"urn:appian:record-field:v1:4894227f-e961-4a15-a05e-3e64381c3f8c/ca59b74e-4cb7-4a3b-b63e-7252beb3eac0"], "firstName") &amp; " " &amp; user(fv!row[#"urn:appian:record-field:v1:4894227f-e961-4a15-a05e-3e64381c3f8c/ca59b74e-4cb7-4a3b-b63e-7252beb3eac0"], "lastName")
                ),
                color: "SECONDARY"
              )
            }
          )
        )
      ),
      align: "START",
      width: "NARROW_PLUS"
    ),
    #"SYSTEM_SYSRULES_gridColumn"(
      label: "Modified",
      sortField: #"urn:appian:record-field:v1:4894227f-e961-4a15-a05e-3e64381c3f8c/27f106db-61dc-4287-aa5e-5d70089f3288",
      value: #"SYSTEM_SYSRULES_richTextDisplayField"(
        value: a!localVariables(
          local!isUserValueBlank: isnull(fv!row[#"urn:appian:record-field:v1:4894227f-e961-4a15-a05e-3e64381c3f8c/b8e35f5b-159f-45d2-b8a7-e729be50cef8"]),
          local!isTimeValueBlank: isnull(fv!row[#"urn:appian:record-field:v1:4894227f-e961-4a15-a05e-3e64381c3f8c/27f106db-61dc-4287-aa5e-5d70089f3288"]),
          if(
            and(
              local!isUserValueBlank,
              local!isTimeValueBlank
            ),
            "–",
            {
              if(
                local!isTimeValueBlank,
                "–",
                datetext(fv!row[#"urn:appian:record-field:v1:4894227f-e961-4a15-a05e-3e64381c3f8c/27f106db-61dc-4287-aa5e-5d70089f3288"], "default")
              ),
              char(10),
              #"SYSTEM_SYSRULES_richTextItem_v1"(
                text: if(
                  local!isUserValueBlank,
                  "–",
                  user(fv!row[#"urn:appian:record-field:v1:4894227f-e961-4a15-a05e-3e64381c3f8c/b8e35f5b-159f-45d2-b8a7-e729be50cef8"], "firstName") &amp; " " &amp; user(fv!row[#"urn:appian:record-field:v1:4894227f-e961-4a15-a05e-3e64381c3f8c/b8e35f5b-159f-45d2-b8a7-e729be50cef8"], "lastName")
                ),
                color: "SECONDARY"
              )
            }
          )
        )
      ),
      align: "START",
      width: "NARROW_PLUS"
    )
  },
  pageSize: 50,
  borderStyle: "LIGHT",
  shadeAlternateRows: false
)</a:listViewTemplateExpr>
    <a:detailViewCfg>
      <a:nameExpr>#"SYSTEM_SYSRULES_rtd_getDefaultSummaryViewName"()</a:nameExpr>
      <a:uiExpr/>
      <a:visibilityExpr>=true()</a:visibilityExpr>
      <a:urlStub>summary</a:urlStub>
      <a:headerExpr/>
      <a:recordActionLaunchType>DIALOG</a:recordActionLaunchType>
      <a:recordUiSecurityType>EXPRESSION</a:recordUiSecurityType>
    </a:detailViewCfg>
    <a:isSystem>false</a:isSystem>
    <a:dataSrcExpr/>
    <a:facetsListExpr/>
    <a:titleExpr>rv!record[#"urn:appian:record-field:v1:4894227f-e961-4a15-a05e-3e64381c3f8c/b9c2636f-8591-4eff-979a-67d0a77206c2"]</a:titleExpr>
    <a:defaultFiltersExpr/>
    <a:layoutType>GRID</a:layoutType>
    <a:security>16383</a:security>
    <a:hideLatestNews>false</a:hideLatestNews>
    <a:hideNewsView>false</a:hideNewsView>
    <a:hideRelatedActionsView>false</a:hideRelatedActionsView>
    <a:isExportable>true</a:isExportable>
    <a:listViewSrcExpr/>
    <a:recordViewSrcExpr/>
    <a:recordTypeSearchCfg>
      <searchFieldsSrc>DEFAULT</searchFieldsSrc>
      <placeholderSrc>DEFAULT</placeholderSrc>
      <placeholder/>
    </a:recordTypeSearchCfg>
    <a:iconId/>
    <a:listAutoRefreshInterval>0.0</a:listAutoRefreshInterval>
    <a:sourceConfiguration>
      <sourceUuid>Appian.CFT_PRODUCTO@jdbc/Appian</sourceUuid>
      <sourceType>RDBMS_TABLE</sourceType>
      <sourceSubType>NONE</sourceSubType>
      <sourceContextExpr/>
      <friendlyName>CFT_PRODUCTO</friendlyName>
      <sourceFilterExpr/>
      <field>
        <uuid>b9c2636f-8591-4eff-979a-67d0a77206c2</uuid>
        <type>{http://www.appian.com/ae/types/2009}Integer</type>
        <sourceFieldName>ID</sourceFieldName>
        <sourceFieldType>INTEGER</sourceFieldType>
        <fieldName>id</fieldName>
        <displayName>Id</displayName>
        <isRecordId>true</isRecordId>
        <isUnique>true</isUnique>
        <isCustomField>false</isCustomField>
        <customFieldExpr/>
        <fieldCalculationType>NA</fieldCalculationType>
        <fieldTemplateType>NA</fieldTemplateType>
        <recordFieldSecurityMembershipFilter/>
        <fieldFormat/>
        <isIndexable>false</isIndexable>
        <subType>NA</subType>
      </field>
      <field>
        <uuid>88094cdd-81d4-4453-b39e-2cfd37117e06</uuid>
        <type>{http://www.appian.com/ae/types/2009}Decimal</type>
        <sourceFieldName>PRECIO</sourceFieldName>
        <sourceFieldType>DOUBLE</sourceFieldType>
        <fieldName>precio</fieldName>
        <displayName>Precio</displayName>
        <isRecordId>false</isRecordId>
        <isUnique>false</isUnique>
        <isCustomField>false</isCustomField>
        <customFieldExpr/>
        <fieldCalculationType>NA</fieldCalculationType>
        <fieldTemplateType>NA</fieldTemplateType>
        <recordFieldSecurityMembershipFilter/>
        <fieldFormat/>
        <isIndexable>false</isIndexable>
        <subType>NA</subType>
      </field>
      <field>
        <uuid>ebc8bbb8-45ef-498e-9140-e6cad37b53a3</uuid>
        <type>{http://www.appian.com/ae/types/2009}Text</type>
        <sourceFieldName>NOMBRE</sourceFieldName>
        <sourceFieldType>VARCHAR(4000)</sourceFieldType>
        <fieldName>nombre</fieldName>
        <displayName>Nombre</displayName>
        <isRecordId>false</isRecordId>
        <isUnique>false</isUnique>
        <isCustomField>false</isCustomField>
        <customFieldExpr/>
        <fieldCalculationType>NA</fieldCalculationType>
        <fieldTemplateType>NA</fieldTemplateType>
        <recordFieldSecurityMembershipFilter/>
        <fieldFormat/>
        <isIndexable>false</isIndexable>
        <subType>NA</subType>
      </field>
      <field>
        <uuid>ca59b74e-4cb7-4a3b-b63e-7252beb3eac0</uuid>
        <type>{http://www.appian.com/ae/types/2009}User</type>
        <sourceFieldName>CREATED_BY</sourceFieldName>
        <sourceFieldType>VARCHAR(255)</sourceFieldType>
        <fieldName>createdBy</fieldName>
        <displayName>Created By</displayName>
        <isRecordId>false</isRecordId>
        <isUnique>false</isUnique>
        <isCustomField>false</isCustomField>
        <customFieldExpr/>
        <fieldCalculationType>NA</fieldCalculationType>
        <fieldTemplateType>NA</fieldTemplateType>
        <recordFieldSecurityMembershipFilter/>
        <fieldFormat/>
        <isIndexable>false</isIndexable>
        <subType>NA</subType>
      </field>
      <field>
        <uuid>daec2dcd-56b4-4c80-a57d-efbf67043e2f</uuid>
        <type>{http://www.appian.com/ae/types/2009}Datetime</type>
        <sourceFieldName>CREATED_ON</sourceFieldName>
        <sourceFieldType>TIMESTAMP</sourceFieldType>
        <fieldName>createdOn</fieldName>
        <displayName>Created On</displayName>
        <isRecordId>false</isRecordId>
        <isUnique>false</isUnique>
        <isCustomField>false</isCustomField>
        <customFieldExpr/>
        <fieldCalculationType>NA</fieldCalculationType>
        <fieldTemplateType>NA</fieldTemplateType>
        <recordFieldSecurityMembershipFilter/>
        <fieldFormat/>
        <isIndexable>false</isIndexable>
        <subType>NA</subType>
      </field>
      <field>
        <uuid>b8e35f5b-159f-45d2-b8a7-e729be50cef8</uuid>
        <type>{http://www.appian.com/ae/types/2009}User</type>
        <sourceFieldName>MODIFIED_BY</sourceFieldName>
        <sourceFieldType>VARCHAR(255)</sourceFieldType>
        <fieldName>modifiedBy</fieldName>
        <displayName>Modified By</displayName>
        <isRecordId>false</isRecordId>
        <isUnique>false</isUnique>
        <isCustomField>false</isCustomField>
        <customFieldExpr/>
        <fieldCalculationType>NA</fieldCalculationType>
        <fieldTemplateType>NA</fieldTemplateType>
        <recordFieldSecurityMembershipFilter/>
        <fieldFormat/>
        <isIndexable>false</isIndexable>
        <subType>NA</subType>
      </field>
      <field>
        <uuid>27f106db-61dc-4287-aa5e-5d70089f3288</uuid>
        <type>{http://www.appian.com/ae/types/2009}Datetime</type>
        <sourceFieldName>MODIFIED_ON</sourceFieldName>
        <sourceFieldType>TIMESTAMP</sourceFieldType>
        <fieldName>modifiedOn</fieldName>
        <displayName>Modified On</displayName>
        <isRecordId>false</isRecordId>
        <isUnique>false</isUnique>
        <isCustomField>false</isCustomField>
        <customFieldExpr/>
        <fieldCalculationType>NA</fieldCalculationType>
        <fieldTemplateType>NA</fieldTemplateType>
        <recordFieldSecurityMembershipFilter/>
        <fieldFormat/>
        <isIndexable>false</isIndexable>
        <subType>NA</subType>
      </field>
      <uuid>436fa291-ca56-4c69-8642-7b5a5923995f</uuid>
      <refreshSchedule>
        <frequency>DAILY</frequency>
        <value>{"hour":3,"minute":"00","amPM":"AM","timeZone":"America/Santiago","version":"v1"}</value>
        <activated>false</activated>
      </refreshSchedule>
      <skipFailureEnabled>true</skipFailureEnabled>
      <recordIdGeneratorUuid/>
    </a:sourceConfiguration>
    <a:enabledFeatures>1023</a:enabledFeatures>
    <a:isVisibleInRecordTypeList>false</a:isVisibleInRecordTypeList>
    <a:recordActionLaunchType>DIALOG</a:recordActionLaunchType>
    <a:showSearchBox>true</a:showSearchBox>
    <a:isVisibleInDataFabric>false</a:isVisibleInDataFabric>
    <a:usesRollingSyncLimit>false</a:usesRollingSyncLimit>
    <a:usesRecoverySync>false</a:usesRecoverySync>
    <a:isScheduledIndexingEnabled>false</a:isScheduledIndexingEnabled>
  </recordType>
  <roleMap>
    <role name="record_type_administrator">
      <users/>
      <groups>
        <groupUuid>ea0d2722-055d-4a53-8cf3-181257eeb826</groupUuid>
      </groups>
    </role>
    <role name="record_type_viewer">
      <users/>
      <groups>
        <groupUuid>ac7cab66-9a8d-44e7-af98-f894d4c668e6</groupUuid>
      </groups>
    </role>
  </roleMap>
  <history>
    <historyInfo versionUuid="f60ff7c8-adbd-4a1c-942a-0f4bbf57e6f7"/>
    <historyInfo versionUuid="0bd11b47-d334-4559-952b-fde29f1418d9"/>
  </history>
  <migrationVersion>1</migrationVersion>
</recordTypeHaul>
