<?xml version="1.0" encoding="UTF-8" standalone="yes"?>
<applicationPatches>
    <applicationPatch>
        <applicationUuid>b801e14d-0b95-4aab-9452-8f7b9f347b42</applicationUuid>
        <packageInfo>
            <url></url>
        </packageInfo>
        <patchContents>
            <item>
                <type>content</type>
                <uuids>
                    <uuid>275e44d5-41f5-4323-add2-fd7f0fc199ad</uuid>
                    <uuid>32a17002-6b58-4e5e-88e0-0ae7c80897ce</uuid>
                    <uuid>6c364ffb-101c-4274-857b-1f5729162a8d</uuid>
                    <uuid>_a-0000eeca-5da2-8000-9c18-011c48011c48_4799965</uuid>
                    <uuid>aab34cc9-857a-4934-b54b-ea72b79afeed</uuid>
                </uuids>
            </item>
            <item>
                <type>group</type>
                <uuids>
                    <uuid>515ad6ec-5c97-4066-b416-47cade73f861</uuid>
                    <uuid>6eda5516-a867-4007-a3f6-de159ac36338</uuid>
                </uuids>
            </item>
            <item>
                <type>processModelFolder</type>
                <uuids>
                    <uuid>2c39744a-ee6c-4e95-bd83-7ee9449a4a36</uuid>
                </uuids>
            </item>
        </patchContents>
    </applicationPatch>
</applicationPatches>
