<?xml version="1.0" encoding="UTF-8" standalone="yes"?>
<groupHaul xmlns:a="http://www.appian.com/ae/types/2009">
    <versionUuid>515ad6ec-5c97-4066-b416-47cade73f861</versionUuid>
    <group>
        <name>AN Users</name>
        <securityMap>SECURITYMAP_TEAM</securityMap>
        <uuid>515ad6ec-5c97-4066-b416-47cade73f861</uuid>
        <groupTypeUuid>SYSTEM_GROUP_TYPE_CUSTOM</groupTypeUuid>
        <description>Assigns Viewer permissions to users for objects in the application</description>
        <delegatedCreation>false</delegatedCreation>
        <memberPolicy>MEMBERPOLICY_CLOSED</memberPolicy>
        <viewingPolicy>VIEWINGPOLICY_LOW</viewingPolicy>
        <attributes>
            <attribute>
                <name>ADGroup</name>
                <type>TYPE_STRING</type>
                <value xmlns:xsi="http://www.w3.org/2001/XMLSchema-instance" xmlns:xsd="http://www.w3.org/2001/XMLSchema" xsi:type="xsd:string">foobar</value>
            </attribute>
            <attribute>
                <name>ADGroup-QA</name>
                <type>TYPE_STRING</type>
                <value xmlns:xsi="http://www.w3.org/2001/XMLSchema-instance" xmlns:xsd="http://www.w3.org/2001/XMLSchema" xsi:type="xsd:string">foobar</value>
            </attribute>
            <attribute>
                <name>ADGroup-DEV</name>
                <type>TYPE_STRING</type>
                <value xmlns:xsi="http://www.w3.org/2001/XMLSchema-instance" xmlns:xsd="http://www.w3.org/2001/XMLSchema" xsi:type="xsd:string">foobar</value>
            </attribute>
        </attributes>
    </group>
    <members>
        <users/>
        <groups>
            <groupUuid>6eda5516-a867-4007-a3f6-de159ac36338</groupUuid>
        </groups>
    </members>
    <admins>
        <users/>
        <groups>
            <groupUuid>6eda5516-a867-4007-a3f6-de159ac36338</groupUuid>
        </groups>
    </admins>
    <ruleSet/>
    <history>
        <historyInfo versionUuid="515ad6ec-5c97-4066-b416-47cade73f861"/>
    </history>
</groupHaul>
